"size","start_time","stop_time","total_time"
"1","1571164185803","1571164185804","1"
"2","1571164185805","1571164185805","0"
"3","1571164185805","1571164185805","0"
"4","1571164185806","1571164185806","0"
"5","1571164185806","1571164185806","0"
"6","1571164185806","1571164185807","1"
"7","1571164185807","1571164185807","0"
"8","1571164185808","1571164185808","0"
"9","1571164185809","1571164185809","0"
"10","1571164185810","1571164185810","0"
"11","1571164185811","1571164185812","1"
"12","1571164185814","1571164185814","0"
"13","1571164185820","1571164185820","0"
"14","1571164185825","1571164185827","2"
"15","1571164185836","1571164185837","1"
"16","1571164185844","1571164185846","2"
"17","1571164185858","1571164185861","3"
"18","1571164185886","1571164185892","6"
"19","1571164186215","1571164186234","19"
"20","1571164186942","1571164186984","42"
"21","1571164188758","1571164188821","63"
"22","1571164191658","1571164191848","190"
"23","1571164198177","1571164198537","360"
"24","1571164211941","1571164212410","469"
